card_number,expiry_date,card_provider,date_payment_confirmed
4537509987455280000,2032-02-01,VISA 19 digit,2022-09-24
3540126062083770,2032-09-01,JCB 16 digit,2021-04-27
3565388078802970,2032-03-01,JCB 16 digit,2016-10-28
30280604114274,2032-04-01,Diners Club / Carte Blanche,2005-04-22
6011662146447830,2032-09-01,Discover,2013-04-22
2244479907474760,2032-04-01,Mastercard,1995-04-27
2310820813218710,2032-07-01,Mastercard,1994-07-23
4466560959453,2032-01-01,VISA 13 digit,1998-03-16
3517287513574020,2032-06-01,JCB 16 digit,1993-03-25
3507036246815300,2032-05-01,JCB 16 digit,2003-12-03
4150158657691,2032-05-01,VISA 13 digit,2002-07-08
3583218047699840,2032-06-01,JCB 16 digit,2004-11-04
4540308816293220000,2032-02-01,VISA 19 digit,2009-12-31
4338477003933360,2032-02-01,VISA 16 digit,2013-04-24
4511109856138500000,2032-09-01,VISA 19 digit,2002-08-26
630438408647,2032-06-01,Maestro,2006-02-05
4990470214162050,2032-08-01,VISA 16 digit,2017-12-12
3505441583959840,2032-09-01,JCB 16 digit,2006-04-30
180058410855191,2032-08-01,JCB 15 digit,2019-11-30
3584024672800320,2032-10-01,JCB 16 digit,2020-07-01
3585822148520500,2032-04-01,JCB 16 digit,2008-09-22
3551892480176750,2032-11-01,JCB 16 digit,1998-04-10
4528527933252070,2032-08-01,VISA 16 digit,2009-07-12
6543550264501500,2032-01-01,Discover,1996-04-16
3537216664039270,2032-05-01,JCB 16 digit,2018-09-08
4214248522321,2032-01-01,VISA 13 digit,2006-04-01
30535888793394,2032-07-01,Diners Club / Carte Blanche,2013-09-21
3570296014307760,2032-08-01,JCB 16 digit,2017-12-08
4331856967112130,2032-11-01,VISA 16 digit,2016-11-06
4007356983297,2032-03-01,VISA 13 digit,2005-07-04
4105389207283640000,2032-01-01,VISA 19 digit,1992-12-15
6011967640156280,2032-01-01,Discover,2022-11-18
4312271503232,2032-05-01,VISA 13 digit,2001-09-14
30333881297971,2032-10-01,Diners Club / Carte Blanche,1999-01-23
372115384818155,2032-09-01,American Express,2011-08-24
2291399544685470,2032-07-01,Mastercard,2013-04-16
4160710799971000,2032-01-01,VISA 16 digit,2014-04-05
6011061367133790,2032-05-01,Discover,2004-08-16
3564801145122920,2032-05-01,JCB 16 digit,2019-04-12
4928733591799760000,2032-01-01,VISA 19 digit,2009-11-30
4372561896579620000,2032-01-01,VISA 19 digit,2003-10-21
30419423025325,2032-10-01,Diners Club / Carte Blanche,2009-03-22
4884404539964140000,2032-10-01,VISA 19 digit,2018-08-15
3511533650478220,2032-08-01,JCB 16 digit,2011-12-05
6534445002439680,2032-11-01,Discover,1995-11-07
3592433154512560,2032-08-01,JCB 16 digit,2006-07-27
4249134380208500,2032-07-01,VISA 16 digit,1996-04-12
375218328411231,2032-05-01,American Express,1994-12-16
3517311159528850,2032-10-01,JCB 16 digit,2003-02-18
4969337258861380,2032-04-01,VISA 16 digit,2001-09-29
4322101074312,2032-03-01,VISA 13 digit,1994-04-11
4287673521091,2032-10-01,VISA 13 digit,2002-11-17
374125710818892,2032-05-01,American Express,2009-08-15
4706675806056850,2032-08-01,VISA 16 digit,1999-10-04
2266880902560620,2032-07-01,Mastercard,2005-07-26
30346547458811,2032-02-01,Diners Club / Carte Blanche,2014-02-10
4115801086731420,2032-06-01,VISA 16 digit,2012-06-11
213178201826754,2032-01-01,JCB 15 digit,2021-10-19
4843483230851600,2032-04-01,VISA 16 digit,2002-11-06
6523447822202100,2032-06-01,Discover,2021-01-03
4707442026569,2032-11-01,VISA 13 digit,2003-03-28
4922962266731,2032-07-01,VISA 13 digit,2006-03-19
4917181456535,2032-09-01,VISA 13 digit,2019-05-23
4424327820138,2032-08-01,VISA 13 digit,1996-05-15
30221876403524,2032-10-01,Diners Club / Carte Blanche,2014-05-21
4380531303878910,2032-01-01,VISA 16 digit,2001-06-30
213185215584501,2032-03-01,JCB 15 digit,1999-10-04
3524572103378320,2032-04-01,JCB 16 digit,1997-10-20
4112072534997290000,2032-05-01,VISA 19 digit,1995-01-22
6573670958946070,2032-09-01,Discover,2005-02-26
4749056042863770000,2032-09-01,VISA 19 digit,2021-11-25
4749775206408790,2032-01-01,VISA 16 digit,2001-03-26
379026978508818,2032-03-01,American Express,2011-07-23
4736525777197480000,2032-02-01,VISA 19 digit,2008-01-09
30497457631390,2032-10-01,Diners Club / Carte Blanche,2003-04-15
341558117859020,2032-03-01,American Express,1997-12-07
4241195154378,2032-09-01,VISA 13 digit,2015-09-12
38945966556609,2032-03-01,Diners Club / Carte Blanche,2011-09-13
4616315244509520,2032-07-01,VISA 16 digit,1995-05-03
347482220631719,2032-10-01,American Express,2012-05-22
6011465543695250,2032-04-01,Discover,2020-10-26
4201445313141680,2032-03-01,VISA 16 digit,2018-08-01
4516078223676460000,2032-04-01,VISA 19 digit,2002-03-22
571560412264,2032-09-01,Maestro,1999-03-18
213106243563937,2032-02-01,JCB 15 digit,1999-02-24
5413848227405660,2032-01-01,Mastercard,2008-10-01
4996345067883,2032-06-01,VISA 13 digit,2001-08-15
4252299704422,2032-10-01,VISA 13 digit,2015-06-20
180062134213265,2032-01-01,JCB 15 digit,2015-05-06
370280460218845,2032-10-01,American Express,2015-07-10
2720774643370160,2032-02-01,Mastercard,1994-10-02
38044054963750,2032-01-01,Diners Club / Carte Blanche,2002-01-22
3597981604743810,2032-08-01,JCB 16 digit,2021-11-23
2241198134108920,2032-04-01,Mastercard,1993-10-01
180023513924047,2032-07-01,JCB 15 digit,2003-06-13
3541183043822150,2032-06-01,JCB 16 digit,1993-01-26
4753972700986570,2032-07-01,VISA 16 digit,2005-01-01
4728967195290,2032-04-01,VISA 13 digit,2001-08-09
375542242415741,2032-07-01,American Express,2015-12-03
4227057750747260,2032-09-01,VISA 16 digit,2018-09-19
4490080892128840,2032-06-01,VISA 16 digit,2018-02-21
4568042407113050000,2032-07-01,VISA 19 digit,2002-10-30
4702242750433620,2032-03-01,VISA 16 digit,2020-06-05
4063809353669860,2032-02-01,VISA 16 digit,2012-05-23
4644438673224480,2032-10-01,VISA 16 digit,1997-03-22
4197620491785050,2032-02-01,VISA 16 digit,2008-03-22
2274756318590200,2032-01-01,Mastercard,1998-05-23
4587697309049010,2032-09-01,VISA 16 digit,1997-01-02
4876896923241630000,2032-10-01,VISA 19 digit,2001-06-11
3509567432950530,2032-01-01,JCB 16 digit,1995-04-18
4402288245263,2032-06-01,VISA 13 digit,2009-09-20
2242913426273330,2032-08-01,Mastercard,2019-03-24
3531231102721490,2032-01-01,JCB 16 digit,2002-12-08
4207486499403280,2032-02-01,VISA 16 digit,2017-05-01
213167304669690,2032-01-01,JCB 15 digit,2017-03-31
370119986827624,2032-05-01,American Express,2004-01-18
379753973875856,2032-08-01,American Express,1993-08-07
5233904484310130,2032-03-01,Mastercard,2008-07-07
30173645736504,2032-09-01,Diners Club / Carte Blanche,2017-06-22
30366195420814,2032-10-01,Diners Club / Carte Blanche,2006-06-01
3598279466552110,2032-07-01,JCB 16 digit,2017-06-14
6011067852193710,2032-08-01,Discover,1999-07-10
4933855585814,2032-04-01,VISA 13 digit,2011-01-28
4631631945209560,2032-08-01,VISA 16 digit,2000-04-21
348380486470633,2032-06-01,American Express,2001-11-04
379666273808841,2032-09-01,American Express,2003-04-12
377538780585406,2032-08-01,American Express,2015-03-11
503888173534,2032-01-01,Maestro,2004-11-17
3514858401582400,2032-08-01,JCB 16 digit,2008-05-02
3528424398962980,2032-01-01,JCB 16 digit,2007-06-08
4849360305532210000,2032-10-01,VISA 19 digit,2012-08-02
6011512880580470,2032-07-01,Discover,2020-04-24
4775243992008,2032-10-01,VISA 13 digit,1994-09-26
2720241251229000,2032-03-01,Mastercard,1993-05-30
676382962105,2032-01-01,Maestro,2022-05-22
589318971431,2032-07-01,Maestro,1994-02-22
36154000624539,2032-03-01,Diners Club / Carte Blanche,2005-07-12
213144381296903,2032-09-01,JCB 15 digit,2020-12-10
4039651233706,2032-01-01,VISA 13 digit,2018-07-11
377132753086087,2032-09-01,American Express,1994-11-22
4943883389021850,2032-05-01,VISA 16 digit,2010-05-14
38174174164276,2032-09-01,Diners Club / Carte Blanche,2009-01-26
6587370973978570,2032-09-01,Discover,2004-04-06
3550843406498110,2032-10-01,JCB 16 digit,2021-11-20
3500205120126250,2032-04-01,JCB 16 digit,2014-09-14
3573407229279750,2032-06-01,JCB 16 digit,2022-05-15
502012550849,2032-03-01,Maestro,2016-05-28
3596364125695270,2032-02-01,JCB 16 digit,2011-01-30
6581683157488290,2032-09-01,Discover,1993-06-25
60416821423,2032-08-01,Maestro,2020-01-03
6011167325881350,2032-06-01,Discover,2014-10-25
370878114703151,2032-01-01,American Express,2007-05-23
3509918136007150,2032-10-01,JCB 16 digit,2010-07-04
639059757273,2032-11-01,Maestro,2020-01-10
213131264196029,2032-04-01,JCB 15 digit,2015-06-25
3519262722559630,2032-09-01,JCB 16 digit,2016-03-10
3596329269644430,2032-08-01,JCB 16 digit,2016-02-09
4246512868245280,2032-11-01,VISA 16 digit,2000-05-24
4857182232173680,2032-03-01,VISA 16 digit,2019-09-26
3551393462526650,2032-10-01,JCB 16 digit,2003-09-20
3528919106283320,2032-08-01,JCB 16 digit,1995-08-25
3550734393097030,2032-09-01,JCB 16 digit,2017-10-05
343564670546655,2032-07-01,American Express,2000-10-08
4442026260228810000,2032-07-01,VISA 19 digit,1997-02-11
4910850395860990000,2032-05-01,VISA 19 digit,2007-06-29
4787479030270,2032-01-01,VISA 13 digit,1995-01-19
3595810502431230,2032-10-01,JCB 16 digit,2004-12-14
4007254904845820000,2032-07-01,VISA 19 digit,2011-08-04
2591991108143290,2032-03-01,Mastercard,2007-02-21
4366367483915,2032-11-01,VISA 13 digit,1993-02-05
5523322089312640,2032-06-01,Mastercard,2022-09-18
377846035962795,2032-09-01,American Express,2004-07-28
502080226652,2032-05-01,Maestro,1996-02-15
4031378868165660,2032-04-01,VISA 16 digit,2019-08-16
4009220541725200000,2032-07-01,VISA 19 digit,2013-09-07
30555445091223,2032-06-01,Diners Club / Carte Blanche,1995-01-07
2405812359267140,2032-03-01,Mastercard,1995-05-12
6011412587690860,2032-03-01,Discover,1998-03-25
4116392929966770000,2032-11-01,VISA 19 digit,2004-07-11
6579664536168670,2032-02-01,Discover,2021-12-19
4885499041631700000,2032-10-01,VISA 19 digit,2007-03-04
570131531040,2032-06-01,Maestro,2016-03-24
213121708936551,2032-08-01,JCB 15 digit,2011-12-13
3538660303301670,2032-08-01,JCB 16 digit,1998-08-16
565942605280,2032-03-01,Maestro,1999-10-03
4519291038367,2032-03-01,VISA 13 digit,1996-07-06
4150683768286,2032-11-01,VISA 13 digit,2013-07-02
213167387695844,2032-10-01,JCB 15 digit,2004-11-24
213126856139320,2032-07-01,JCB 15 digit,2003-01-22
3536785250428450,2032-04-01,JCB 16 digit,2019-09-03
213100348751778,2032-05-01,JCB 15 digit,2007-09-03
213165780323030,2032-01-01,JCB 15 digit,2020-03-17
3550952941605270,2032-01-01,JCB 16 digit,1993-05-11
4093707598463,2032-05-01,VISA 13 digit,1996-10-19
4182827476777900,2032-03-01,VISA 16 digit,2005-02-02
213164020862121,2032-06-01,JCB 15 digit,1998-09-24
213103239702967,2032-05-01,JCB 15 digit,1995-10-30
347352008524578,2032-08-01,American Express,2012-03-19
379069258744968,2032-05-01,American Express,1993-01-24
4394187907388390000,2032-10-01,VISA 19 digit,2000-05-20
503830670595,2032-06-01,Maestro,2015-03-10
572989883457,2032-07-01,Maestro,1998-12-03
6599349490075510,2032-05-01,Discover,1993-01-21
2617585635925030,2032-04-01,Mastercard,2007-05-29
3583146163990080,2032-10-01,JCB 16 digit,2012-01-16
4246917441169500,2032-06-01,VISA 16 digit,2006-08-10
4316692049659,2032-03-01,VISA 13 digit,2002-05-21
4830652033977230,2032-09-01,VISA 16 digit,2017-02-07
30353118729489,2032-09-01,Diners Club / Carte Blanche,2018-07-16
180050638926268,2032-03-01,JCB 15 digit,2007-12-10
60484795434,2032-04-01,Maestro,2009-11-06
3511795653630240,2032-08-01,JCB 16 digit,2009-01-27
3541395935364440,2032-03-01,JCB 16 digit,2010-07-07
4787684298274,2032-10-01,VISA 13 digit,2005-03-19
30582030726294,2032-08-01,Diners Club / Carte Blanche,1993-08-08
4418347086867670,2032-10-01,VISA 16 digit,2003-08-27
6011768740353060,2032-04-01,Discover,1998-01-31
4204556734089480000,2032-08-01,VISA 19 digit,2006-03-20
3535914503406120,2032-03-01,JCB 16 digit,1993-12-16
349372928720054,2032-01-01,American Express,2021-10-06
36874584280735,2032-03-01,Diners Club / Carte Blanche,2020-12-11
342126932107626,2032-06-01,American Express,2014-10-21
3515567498572260,2032-01-01,JCB 16 digit,2002-11-18
30277632733612,2032-05-01,Diners Club / Carte Blanche,2018-04-13
213130688334588,2032-03-01,JCB 15 digit,1992-12-05
30596251011517,2032-08-01,Diners Club / Carte Blanche,1993-03-07
4606810568458810,2032-05-01,VISA 16 digit,2014-10-11
180067839217446,2032-10-01,JCB 15 digit,2006-05-16
4815399037395720000,2032-01-01,VISA 19 digit,2000-09-17
676177153134,2032-10-01,Maestro,2020-09-13
2230384561213260,2032-03-01,Mastercard,2016-01-22
377913983922641,2032-01-01,American Express,2020-09-01
6520150636164720,2032-11-01,Discover,1995-09-19
213165762292500,2032-01-01,JCB 15 digit,1999-01-25
4468769012875310,2032-01-01,VISA 16 digit,2019-03-17
30272407872372,2032-09-01,Diners Club / Carte Blanche,2012-06-22
3590401859693630,2032-04-01,JCB 16 digit,1996-08-09
6011621684075020,2032-07-01,Discover,1994-04-07
5120414642116720,2032-01-01,Mastercard,2009-06-24
4118201790355,2032-09-01,VISA 13 digit,2002-10-09
4707527132175550,2032-05-01,VISA 16 digit,2016-11-13
6011454884639160,2032-11-01,Discover,2007-12-24
589751213259,2032-11-01,Maestro,2012-06-20
639064799864,2032-05-01,Maestro,2009-06-26
2659332883324700,2032-01-01,Mastercard,1997-04-03
3501098401285560,2032-02-01,JCB 16 digit,2010-09-19
30095006995397,2032-11-01,Diners Club / Carte Blanche,2006-07-28
4150234442231580000,2032-06-01,VISA 19 digit,2009-03-18
180045869419314,2032-01-01,JCB 15 digit,2004-05-29
4650457292093360,2032-04-01,VISA 16 digit,2019-11-27
3578065491255160,2032-04-01,JCB 16 digit,2017-12-22
2252264351274560,2032-03-01,Mastercard,1996-03-06
630492140995,2032-10-01,Maestro,1999-01-08
2624119676336760,2032-08-01,Mastercard,2006-12-25
4707425556285,2032-10-01,VISA 13 digit,2004-12-09
4012103145917900000,2032-04-01,VISA 19 digit,1999-01-23
3544160608798330,2032-09-01,JCB 16 digit,2022-09-15
4744018816214,2032-03-01,VISA 13 digit,2017-11-27
4685002344578220,2032-08-01,VISA 16 digit,2010-03-05
4854922190554160,2032-01-01,VISA 16 digit,1995-09-25
345131587548170,2032-03-01,American Express,2011-05-26
4828408521326,2032-08-01,VISA 13 digit,2000-12-09
36235438317695,2032-09-01,Diners Club / Carte Blanche,2020-11-21
4164457906292690,2032-09-01,VISA 16 digit,2014-03-28
6566815602316860,2032-02-01,Discover,1993-01-22
4076601673644670,2032-07-01,VISA 16 digit,2011-11-09
4155364422539730000,2032-08-01,VISA 19 digit,2005-02-18
2267618204554010,2032-07-01,Mastercard,2021-09-10
38088582728748,2032-05-01,Diners Club / Carte Blanche,1995-09-14
30076209934409,2032-06-01,Diners Club / Carte Blanche,2013-09-01
4723338727493990,2032-05-01,VISA 16 digit,2008-09-27
213114024624803,2032-07-01,JCB 15 digit,2008-01-02
4971553553466110000,2032-01-01,VISA 19 digit,2000-01-18
4801298097225850000,2032-05-01,VISA 19 digit,2008-12-22
676275931670,2032-01-01,Maestro,2006-06-20
213170224412340,2032-07-01,JCB 15 digit,2000-01-16
4898825250519950000,2032-01-01,VISA 19 digit,2001-12-07
3551511725827800,2032-07-01,JCB 16 digit,2014-12-02
3590199992393940,2032-11-01,JCB 16 digit,1999-10-12
5523635057499450,2032-09-01,Mastercard,2002-01-09
587572641914,2032-06-01,Maestro,2021-01-18
3590992123798160,2032-04-01,JCB 16 digit,2001-10-29
213125851968550,2032-04-01,JCB 15 digit,1994-11-12
6559537491782130,2032-01-01,Discover,2008-04-11
180023207187802,2032-09-01,JCB 15 digit,1993-04-14
3586223354883660,2032-04-01,JCB 16 digit,2002-01-29
4721998533308,2032-04-01,VISA 13 digit,2017-05-01
503858307179,2032-11-01,Maestro,2021-11-12
5243854423968960,2032-04-01,Mastercard,2011-11-15
4880702141452230,2032-04-01,VISA 16 digit,2008-11-14
30548262792981,2032-07-01,Diners Club / Carte Blanche,2020-02-23
4739263473919140000,2032-09-01,VISA 19 digit,2000-06-01
4127220391666930,2032-02-01,VISA 16 digit,2019-02-04
4902943817040680000,2032-04-01,VISA 19 digit,1999-09-28
2580790788273520,2032-09-01,Mastercard,1995-04-15
4505393521861890,2032-01-01,VISA 16 digit,2004-06-23
4997896450184570000,2032-10-01,VISA 19 digit,2007-01-31
4149584196702860,2032-10-01,VISA 16 digit,2021-02-16
4286768769300,2032-10-01,VISA 13 digit,1999-10-26
5226243726631050,2032-01-01,Mastercard,2002-05-09
4395625635248,2032-01-01,VISA 13 digit,1997-01-29
6011073878786070,2032-06-01,Discover,1993-01-01
3557335346822890,2032-11-01,JCB 16 digit,2002-10-16
180022190771648,2032-05-01,JCB 15 digit,2016-11-01
4644145406776000,2032-07-01,VISA 16 digit,2004-11-09
3558873568606620,2032-05-01,JCB 16 digit,1993-09-18
30488298789620,2032-09-01,Diners Club / Carte Blanche,2022-01-24
4632696681385070,2032-06-01,VISA 16 digit,1998-04-08
60483896902,2032-01-01,Maestro,2011-07-03
347786429067297,2032-02-01,American Express,2006-06-13
6011374805803440,2032-10-01,Discover,2005-04-26
4867081690891,2032-02-01,VISA 13 digit,1999-12-29
2223862342483780,2032-06-01,Mastercard,2006-11-18
567777310036,2032-03-01,Maestro,1999-09-06
4830639862545,2032-03-01,VISA 13 digit,2017-07-04
3519681906081540,2032-02-01,JCB 16 digit,2011-08-31
4245219396068230,2032-05-01,VISA 16 digit,2014-12-08
3592676364155010,2032-09-01,JCB 16 digit,2013-07-16
4984149213957960000,2032-09-01,VISA 19 digit,2016-09-10
4370122907526140,2032-01-01,VISA 16 digit,2009-10-27
503876991657,2032-02-01,Maestro,2020-11-25
639033581112,2032-07-01,Maestro,1993-03-08
3591799349676660,2032-03-01,JCB 16 digit,1994-07-28
4508409001086,2032-06-01,VISA 13 digit,2000-11-02
4029667814918430000,2032-09-01,VISA 19 digit,1995-11-05
6011436601683810,2032-05-01,Discover,2005-05-07
213110330842873,2032-05-01,JCB 15 digit,2008-02-05
502064114023,2032-05-01,Maestro,1999-03-05
372286738827604,2032-04-01,American Express,2002-08-29
4058410311130590000,2032-10-01,VISA 19 digit,2012-06-11
4968257736750940000,2032-09-01,VISA 19 digit,2004-10-20
5481197360907940,2032-09-01,Mastercard,2000-08-01
4431668538609080000,2032-11-01,VISA 19 digit,2019-10-16
4348405013844230,2032-08-01,VISA 16 digit,1999-05-26
3575987843843660,2032-10-01,JCB 16 digit,2011-12-28
2284978540624940,2032-05-01,Mastercard,2012-01-23
38587402187217,2032-04-01,Diners Club / Carte Blanche,2020-05-17
6011939354687810,2032-01-01,Discover,1998-06-10
2293833264240990,2032-05-01,Mastercard,2002-12-10
4671865842376790000,2032-02-01,VISA 19 digit,2018-10-01
2248792478698680,2032-10-01,Mastercard,2021-12-25
30302917773545,2032-03-01,Diners Club / Carte Blanche,2011-04-18
580289903842,2032-11-01,Maestro,2014-01-26
6011036876440620,2032-09-01,Discover,2005-07-18
676177220818,2032-05-01,Maestro,2020-03-25
586988110886,2032-02-01,Maestro,2003-12-24
30513178745895,2032-05-01,Diners Club / Carte Blanche,2003-01-20
4527076469883590,2032-11-01,VISA 16 digit,2007-09-30
4320424868465210000,2032-11-01,VISA 19 digit,2022-06-14
4857031393136000,2032-07-01,VISA 16 digit,2002-04-13
2287387367557550,2032-09-01,Mastercard,2005-02-25
60450295922,2032-10-01,Maestro,2011-08-29
4672483872471,2032-07-01,VISA 13 digit,2019-07-12
3503787845845780,2032-05-01,JCB 16 digit,2005-09-01
30014860881718,2032-06-01,Diners Club / Carte Blanche,2015-09-26
4881362990312310,2032-07-01,VISA 16 digit,2017-03-15
2249636367390590,2032-07-01,Mastercard,2008-05-02
30065090728830,2032-01-01,Diners Club / Carte Blanche,1995-09-03
3552331713072910,2032-06-01,JCB 16 digit,2007-09-15
4180300819175440,2032-04-01,VISA 16 digit,2006-11-02
5104032840313820,2032-04-01,Mastercard,2011-10-24
60424811143,2032-10-01,Maestro,2014-08-12
4452702658299250,2032-01-01,VISA 16 digit,2005-04-05
4484111249468130,2032-10-01,VISA 16 digit,2002-07-18
213133470768971,2032-08-01,JCB 15 digit,2017-04-06
560588437650,2032-01-01,Maestro,2012-03-24
4509845763034430,2032-01-01,VISA 16 digit,2021-06-16
4096972605826170000,2032-10-01,VISA 19 digit,1995-09-05
5495150489051210,2032-01-01,Mastercard,2005-10-06
6011355859061520,2032-09-01,Discover,2003-02-20
4870774621702,2032-06-01,VISA 13 digit,1994-10-07
30543604700032,2032-05-01,Diners Club / Carte Blanche,2013-10-14
3504675322554260,2032-09-01,JCB 16 digit,2001-06-27
342190849271685,2032-10-01,American Express,2015-05-13
2223071321865480,2032-02-01,Mastercard,2000-01-02
4995693549831640,2032-01-01,VISA 16 digit,1997-06-15
676172347806,2032-02-01,Maestro,2006-03-06
180073628568593,2032-11-01,JCB 15 digit,2013-11-22
3542757596214780,2032-04-01,JCB 16 digit,1999-04-08
4164920341422920000,2032-11-01,VISA 19 digit,2022-06-21
6011943061449830,2032-07-01,Discover,2001-06-24
4388240554228290,2032-04-01,VISA 16 digit,2007-03-21
180054392104781,2032-08-01,JCB 15 digit,2004-08-02
4244567141997810,2032-05-01,VISA 16 digit,2004-07-06
501828708575,2032-02-01,Maestro,1998-06-04
639030019363,2032-08-01,Maestro,1999-01-04
30069407757292,2032-05-01,Diners Club / Carte Blanche,2003-03-08
4480526448543,2032-06-01,VISA 13 digit,2002-11-06
38089279701428,2032-03-01,Diners Club / Carte Blanche,2010-10-31
36347863654334,2032-08-01,Diners Club / Carte Blanche,1999-11-09
676248452374,2032-09-01,Maestro,2003-07-04
30337575836663,2032-05-01,Diners Club / Carte Blanche,2016-01-13
4721033531705,2032-06-01,VISA 13 digit,2004-02-09
6011232406445350,2032-11-01,Discover,2016-07-25
30439857875102,2032-02-01,Diners Club / Carte Blanche,1998-05-10
3580795741880370,2032-03-01,JCB 16 digit,2004-06-06
3504131728297310,2032-07-01,JCB 16 digit,2007-03-05
4168139202327360,2032-08-01,VISA 16 digit,1996-11-29
30297194239980,2032-03-01,Diners Club / Carte Blanche,2001-12-26
3526788547664760,2032-02-01,JCB 16 digit,1996-12-23
3509847480690110,2032-08-01,JCB 16 digit,2015-06-30
6011104015536610,2032-04-01,Discover,2022-09-23
4562610334472300,2032-11-01,VISA 16 digit,2011-12-10
30310900605251,2032-03-01,Diners Club / Carte Blanche,2014-03-12
213106649804091,2032-05-01,JCB 15 digit,2018-02-03
4263059383083,2032-05-01,VISA 13 digit,2020-05-09
6011210490887640,2032-04-01,Discover,1996-08-09
676186692312,2032-07-01,Maestro,1999-04-19
4227073151704280,2032-08-01,VISA 16 digit,2020-06-24
341482587848134,2032-09-01,American Express,1995-12-07
4277675749096560000,2032-08-01,VISA 19 digit,2011-01-04
4943603689284210,2032-01-01,VISA 16 digit,2011-08-12
374587343972828,2032-06-01,American Express,2013-06-19
4580141262792050,2032-05-01,VISA 16 digit,2001-05-14
4900927384274990,2032-07-01,VISA 16 digit,2022-04-03
60473234817,2032-03-01,Maestro,2007-03-17
6517179927883610,2032-06-01,Discover,2004-02-24
4116614476232,2032-10-01,VISA 13 digit,1995-07-13
4779208411986880,2032-10-01,VISA 16 digit,2012-01-19
180016518493554,2032-04-01,JCB 15 digit,2017-07-01
4829789637784550,2032-06-01,VISA 16 digit,2010-04-12
213173693337485,2032-02-01,JCB 15 digit,2015-08-31
2227389209450350,2032-07-01,Mastercard,2021-05-28
3513174005091550,2032-05-01,JCB 16 digit,1997-11-22
4499416963569,2032-02-01,VISA 13 digit,1994-05-03
213142961841890,2032-08-01,JCB 15 digit,1998-03-03
4074441346591,2032-08-01,VISA 13 digit,2004-01-29
4954211577816810,2032-02-01,VISA 16 digit,2016-09-16
4017861881035,2032-03-01,VISA 13 digit,2008-03-30
4932282602420410,2032-01-01,VISA 16 digit,1996-01-20
4536981483656780000,2032-08-01,VISA 19 digit,2018-01-28
344170030572172,2032-09-01,American Express,2021-08-26
676337971235,2032-05-01,Maestro,1996-07-13
5508114329136350,2032-11-01,Mastercard,1999-10-10
4174073225855,2032-08-01,VISA 13 digit,1999-02-10
639055727890,2032-09-01,Maestro,2011-04-29
639014102664,2032-09-01,Maestro,2011-01-23
4646271037578350000,2032-09-01,VISA 19 digit,2000-06-09
213124602695695,2032-04-01,JCB 15 digit,2018-01-01
6506671477208230,2032-10-01,Discover,1994-07-23
4688545240480400000,2032-05-01,VISA 19 digit,1997-04-25
180007687837804,2032-10-01,JCB 15 digit,2008-01-16
213125686388214,2032-02-01,JCB 15 digit,2017-05-28
30544905948205,2032-04-01,Diners Club / Carte Blanche,1998-03-18
3502425524203690,2032-05-01,JCB 16 digit,2001-05-11
639072789121,2032-05-01,Maestro,2008-10-01
4355589829177610,2032-03-01,VISA 16 digit,2010-06-12
6502898137271970,2032-10-01,Discover,2017-09-06
30189457588148,2032-03-01,Diners Club / Carte Blanche,2005-11-17
2720208353724720,2032-06-01,Mastercard,2000-06-04
4101044615504070000,2032-11-01,VISA 19 digit,2010-07-08
4693136265764,2032-04-01,VISA 13 digit,1998-06-04
4512356589748670,2032-11-01,VISA 16 digit,1996-01-20
38557160832221,2032-02-01,Diners Club / Carte Blanche,1993-01-26
4070799316712870000,2032-04-01,VISA 19 digit,2000-03-31
373810173987356,2032-05-01,American Express,2021-02-11
349448847753804,2032-11-01,American Express,2018-07-03
4815780736031310,2032-08-01,VISA 16 digit,2016-06-27
4596028949915870000,2032-09-01,VISA 19 digit,1993-04-12
3532174051302350,2032-03-01,JCB 16 digit,2018-01-24
3507545971970340,2032-10-01,JCB 16 digit,2009-02-11
374827236098715,2032-04-01,American Express,2004-01-12
6011362823619120,2032-02-01,Discover,2016-11-03
4238395061074690,2032-10-01,VISA 16 digit,2005-03-07
4623900495248,2032-01-01,VISA 13 digit,2021-11-14
502044698699,2032-05-01,Maestro,2022-01-30
180028714796011,2032-03-01,JCB 15 digit,2014-11-23
6011695671542300,2032-09-01,Discover,1994-02-14
2295663581398910,2032-01-01,Mastercard,2021-05-02
374996891851138,2032-10-01,American Express,2004-07-23
639041829982,2032-05-01,Maestro,2021-12-09
3571727987047960,2032-03-01,JCB 16 digit,2017-04-29
30272636299397,2032-10-01,Diners Club / Carte Blanche,2018-01-28
4572469732949,2032-05-01,VISA 13 digit,2009-10-13
5245364060536460,2032-03-01,Mastercard,2017-10-26
180029850576761,2032-06-01,JCB 15 digit,1995-02-18
4564784659926610,2032-10-01,VISA 16 digit,1997-02-21
4355718812047,2032-10-01,VISA 13 digit,2012-12-06
676399346656,2032-08-01,Maestro,2011-01-13
4570119298774,2032-02-01,VISA 13 digit,2019-10-15
4067357968788,2032-08-01,VISA 13 digit,2022-08-06
3561129265411880,2032-05-01,JCB 16 digit,2014-08-20
6595336901806010,2032-02-01,Discover,2003-04-28
3590579376341220,2032-08-01,JCB 16 digit,1992-12-12
30195593226469,2032-10-01,Diners Club / Carte Blanche,1996-10-02
5492096844764100,2032-08-01,Mastercard,1994-12-03
4788924371861940000,2032-11-01,VISA 19 digit,2016-01-19
343163588782757,2032-01-01,American Express,1993-07-21
565864630720,2032-10-01,Maestro,2021-05-27
30056535794123,2032-06-01,Diners Club / Carte Blanche,1998-08-07
6541109589028900,2032-02-01,Discover,2006-10-30
4181823115619390,2032-07-01,VISA 16 digit,1995-09-02
4853411492422,2032-06-01,VISA 13 digit,2004-04-05
343448476770398,2032-10-01,American Express,2002-03-14
4550841877665,2032-11-01,VISA 13 digit,2000-10-16
213118564508003,2032-02-01,JCB 15 digit,2008-04-04
3518390793997950,2032-10-01,JCB 16 digit,1993-08-19
503831678191,2032-02-01,Maestro,1994-10-08
2458510652339440,2032-10-01,Mastercard,2002-08-08
3556825064183250,2032-04-01,JCB 16 digit,2016-01-31
4311362351105940,2032-02-01,VISA 16 digit,2002-03-25
4133243443939,2032-04-01,VISA 13 digit,2000-07-30
4717607622432580,2032-09-01,VISA 16 digit,1999-12-30
3525544543482220,2032-08-01,JCB 16 digit,1995-12-12
4782780779765160000,2032-01-01,VISA 19 digit,2003-10-15
4031074782113370,2032-09-01,VISA 16 digit,1999-10-14
6011681072327120,2032-11-01,Discover,1998-10-10
213186724042981,2032-03-01,JCB 15 digit,2007-02-14
3548866102448400,2032-03-01,JCB 16 digit,2010-09-04
4777941072034,2032-01-01,VISA 13 digit,2005-07-13
373839736336090,2032-02-01,American Express,2012-12-02
4078390266872700,2032-09-01,VISA 16 digit,2014-06-16
346724226271367,2032-07-01,American Express,2008-04-09
4730509746028010000,2032-09-01,VISA 19 digit,2015-10-26
4704281875750,2032-06-01,VISA 13 digit,2009-03-10
180049120659213,2032-08-01,JCB 15 digit,2013-09-23
3522428291950270,2032-08-01,JCB 16 digit,2005-12-13
6598200914302330,2032-02-01,Discover,2022-10-14
676173173961,2032-03-01,Maestro,2009-12-12
4415176510374,2032-08-01,VISA 13 digit,2017-02-23
502047935031,2032-08-01,Maestro,1996-03-29
343995816958844,2032-02-01,American Express,2001-10-26
3513845872896590,2032-01-01,JCB 16 digit,2011-10-21
30324156598466,2032-10-01,Diners Club / Carte Blanche,1997-07-06
562796507746,2032-06-01,Maestro,2021-06-13
3573364014298280,2032-10-01,JCB 16 digit,2007-12-06
346569081426642,2032-05-01,American Express,2009-05-03
374234114407664,2032-07-01,American Express,2003-05-28
3518517566750540,2032-06-01,JCB 16 digit,1994-04-10
5200183126989930,2032-03-01,Mastercard,2016-02-02
676193506794,2032-03-01,Maestro,1993-05-16
4455315349927360,2032-04-01,VISA 16 digit,2020-11-08
6011228908840780,2032-04-01,Discover,2018-11-27
373712596158245,2032-04-01,American Express,2000-12-25
4776869983837260,2032-08-01,VISA 16 digit,2000-07-07
4846443291255270,2032-06-01,VISA 16 digit,2011-03-03
4386339005230230,2032-06-01,VISA 16 digit,1998-08-26
5433334304991490,2032-11-01,Mastercard,2013-08-14
6011185313012670,2032-04-01,Discover,2010-07-12
4468438485605200000,2032-05-01,VISA 19 digit,2016-07-15
3504764341598310,2032-09-01,JCB 16 digit,2011-09-24
2244797458527110,2032-07-01,Mastercard,1995-11-16
3500407534020950,2032-08-01,JCB 16 digit,2006-07-14
3591273526993880,2032-11-01,JCB 16 digit,2013-06-26
3566413895444790,2032-02-01,JCB 16 digit,1994-09-06
3547582729288400,2032-03-01,JCB 16 digit,2006-01-31
3510204245135530,2032-08-01,JCB 16 digit,1997-11-07
370905065163265,2032-04-01,American Express,2003-05-10
30413417373114,2032-11-01,Diners Club / Carte Blanche,1998-05-19
180012056782458,2032-10-01,JCB 15 digit,2000-02-06
676258902482,2032-11-01,Maestro,2010-09-06
4203342728233800000,2032-01-01,VISA 19 digit,2017-10-02
213141985013569,2032-07-01,JCB 15 digit,2008-01-20
3552381775993860,2032-03-01,JCB 16 digit,2018-11-29
6011935892986370,2032-03-01,Discover,2000-12-29
3584801361630140,2032-08-01,JCB 16 digit,2009-12-20
30551017268810,2032-02-01,Diners Club / Carte Blanche,2021-09-08
630449162043,2032-08-01,Maestro,1995-08-07
30338476941230,2032-10-01,Diners Club / Carte Blanche,2013-02-26
60494714367,2032-09-01,Maestro,1997-02-20
374942653591892,2032-05-01,American Express,1993-09-25
6516640440321580,2032-08-01,Discover,2020-09-04
4580906643961320,2032-02-01,VISA 16 digit,2000-12-16
30544180904485,2032-11-01,Diners Club / Carte Blanche,2020-04-10
60438197240,2032-10-01,Maestro,2021-03-12
2559448260702130,2032-05-01,Mastercard,2006-12-29
348257285853120,2032-10-01,American Express,1996-05-03
4857729681336530000,2032-02-01,VISA 19 digit,2002-04-20
6011501126233840,2032-09-01,Discover,1996-10-25
6011267997720640,2032-01-01,Discover,2019-05-28
30086287615861,2032-01-01,Diners Club / Carte Blanche,2020-11-28
4741415883524,2032-01-01,VISA 13 digit,2016-09-14
4232000136088900000,2032-01-01,VISA 19 digit,1995-03-10
3599383249730100,2032-10-01,JCB 16 digit,2011-01-15
3562652862039480,2032-02-01,JCB 16 digit,2014-01-07
30120731304978,2032-03-01,Diners Club / Carte Blanche,1993-07-13
4384004295097,2032-03-01,VISA 13 digit,2016-09-15
3557442913207750,2032-02-01,JCB 16 digit,2009-01-19
6596877525105880,2032-08-01,Discover,1992-11-21
6542783198113920,2032-08-01,Discover,1995-04-11
4075940488101430000,2032-11-01,VISA 19 digit,2018-10-01
2714216966281380,2032-06-01,Mastercard,2002-11-04
180023282498256,2032-05-01,JCB 15 digit,1995-05-23
4978174358120,2032-06-01,VISA 13 digit,1999-11-04
4092039502381990,2032-07-01,VISA 16 digit,2001-02-09
4846182679584560,2032-10-01,VISA 16 digit,2017-09-09
3528275139288710,2032-05-01,JCB 16 digit,2018-10-25
30266396865611,2032-10-01,Diners Club / Carte Blanche,2012-03-19
30390258675833,2032-10-01,Diners Club / Carte Blanche,2008-08-15
4079032044091,2032-08-01,VISA 13 digit,2013-12-30
3506094203386720,2032-05-01,JCB 16 digit,2003-08-01
347200407700689,2032-06-01,American Express,2017-04-13
4905366947652250000,2032-08-01,VISA 19 digit,2005-01-02
6011419451250500,2032-05-01,Discover,2006-07-10
4139387048565940000,2032-08-01,VISA 19 digit,2010-07-26
675925337189,2032-10-01,Maestro,2018-02-15
3591547749359870,2032-03-01,JCB 16 digit,1993-12-11
180085696434631,2032-01-01,JCB 15 digit,2010-04-06
38421975197306,2032-05-01,Diners Club / Carte Blanche,1993-08-06
371781292847437,2032-08-01,American Express,2011-07-17
3556889747883480,2032-03-01,JCB 16 digit,2010-11-24
213142367964460,2032-02-01,JCB 15 digit,2000-01-23
4233737745847,2032-01-01,VISA 13 digit,2018-11-15
30084145770804,2032-06-01,Diners Club / Carte Blanche,1994-04-09
4766939946713,2032-07-01,VISA 13 digit,1994-12-23
180043137860716,2032-05-01,JCB 15 digit,1993-08-05
4484589676644,2032-07-01,VISA 13 digit,2020-10-13
2525121906552070,2032-10-01,Mastercard,2006-08-31
4128791533123,2032-02-01,VISA 13 digit,1993-07-09
6011012133772520,2032-10-01,Discover,2003-07-01
213115998986946,2032-10-01,JCB 15 digit,2022-06-07
3521439775704220,2032-05-01,JCB 16 digit,2012-03-05
4246168722576440,2032-08-01,VISA 16 digit,2018-09-17
6534966635049840,2032-06-01,Discover,2008-03-24
4174276982278240,2032-01-01,VISA 16 digit,2002-06-11
180016203924053,2032-02-01,JCB 15 digit,2006-05-27
6560816291531280,2032-06-01,Discover,2020-03-07
566790961932,2032-11-01,Maestro,2014-09-05
4753738886906120,2032-08-01,VISA 16 digit,1995-10-15
213148021557749,2032-01-01,JCB 15 digit,2008-05-14
4849034254107950,2032-07-01,VISA 16 digit,2019-10-12
3549774612868650,2032-08-01,JCB 16 digit,2005-02-13
4169785732340940000,2032-01-01,VISA 19 digit,1998-03-22
4715048769394960,2032-11-01,VISA 16 digit,2022-02-08
344887756775347,2032-02-01,American Express,2007-12-29
379467964463958,2032-02-01,American Express,2008-02-12
3578629585319770,2032-09-01,JCB 16 digit,1999-08-07
3565212807932970,2032-06-01,JCB 16 digit,1997-09-13
373784831703218,2032-05-01,American Express,2011-11-04
4263783593432740,2032-08-01,VISA 16 digit,2015-03-11
4566776870617900,2032-10-01,VISA 16 digit,2009-10-31
2262571554973280,2032-07-01,Mastercard,2002-11-02
30344861454821,2032-10-01,Diners Club / Carte Blanche,2020-07-07
349097137828642,2032-01-01,American Express,1998-06-18
180028818049978,2032-10-01,JCB 15 digit,1993-01-11
3543427627173650,2032-01-01,JCB 16 digit,2009-03-13
30349779526958,2032-10-01,Diners Club / Carte Blanche,1995-02-23
3528956182377030,2032-06-01,JCB 16 digit,1999-02-03
373027515397125,2032-10-01,American Express,2007-10-10
4071672800015,2032-10-01,VISA 13 digit,2000-01-03
4425129086364,2032-04-01,VISA 13 digit,2008-06-02
4358162118616450,2032-01-01,VISA 16 digit,2012-09-05
2304582696610710,2032-06-01,Mastercard,2019-03-08
3585655928557450,2032-02-01,JCB 16 digit,2011-12-22
4016303460137320,2032-04-01,VISA 16 digit,2012-06-03
3554911298579050,2032-06-01,JCB 16 digit,2020-10-08
2233874178761490,2032-08-01,Mastercard,2010-04-30
639045488314,2032-01-01,Maestro,2000-05-22
3557445659816240,2032-09-01,JCB 16 digit,2015-02-01
36235523019297,2032-08-01,Diners Club / Carte Blanche,1995-05-08
3537415736364380,2032-06-01,JCB 16 digit,2022-01-17
6562763923426970,2032-06-01,Discover,2011-08-26
30233251775947,2032-03-01,Diners Club / Carte Blanche,2013-10-28
2228238115728090,2032-10-01,Mastercard,1993-12-25
30365314504417,2032-08-01,Diners Club / Carte Blanche,2001-07-14
4664978276706,2032-05-01,VISA 13 digit,2016-04-21
4480633521505610,2032-06-01,VISA 16 digit,2009-02-06
3590992629507750,2032-10-01,JCB 16 digit,2017-02-03
346053328717758,2032-10-01,American Express,2006-05-16
30392017531430,2032-11-01,Diners Club / Carte Blanche,2009-09-05
4146651296127250,2032-06-01,VISA 16 digit,2004-09-21
6011240850538350,2032-05-01,Discover,2013-11-16
6512256486163980,2032-03-01,Discover,2008-05-28
3594088258988100,2032-04-01,JCB 16 digit,2015-11-20
2289755576555790,2032-08-01,Mastercard,2022-01-08
2716310546134790,2032-09-01,Mastercard,1994-11-23
30531128367883,2032-03-01,Diners Club / Carte Blanche,1999-07-10
676281465606,2032-06-01,Maestro,1993-06-09
4491170278690890000,2032-07-01,VISA 19 digit,1993-04-16
4676134986010,2032-05-01,VISA 13 digit,2008-04-13
180069393389447,2032-01-01,JCB 15 digit,1997-05-17
6561299373912820,2032-10-01,Discover,2018-08-24
30164484261456,2032-07-01,Diners Club / Carte Blanche,2022-05-20
2236185572811570,2032-01-01,Mastercard,2012-12-26
377471640057509,2032-07-01,American Express,2001-11-20
30192050813491,2032-06-01,Diners Club / Carte Blanche,2009-01-29
375970471540337,2032-04-01,American Express,2017-02-28
4346295047955300000,2032-09-01,VISA 19 digit,2013-08-10
213169052892292,2032-10-01,JCB 15 digit,2000-06-28
4505932689718,2032-04-01,VISA 13 digit,2001-04-16
4489963061165140,2032-11-01,VISA 16 digit,2010-12-11
4756645617351,2032-11-01,VISA 13 digit,2011-08-13
2378308880314410,2032-05-01,Mastercard,2015-07-08
375797211749773,2032-06-01,American Express,2001-10-19
3567807235580910,2032-04-01,JCB 16 digit,1997-03-25
30482638749204,2032-02-01,Diners Club / Carte Blanche,2003-01-08
3579649445719210,2032-08-01,JCB 16 digit,1998-12-29
213148014804983,2032-01-01,JCB 15 digit,2009-03-01
4291068484383710000,2032-09-01,VISA 19 digit,2013-01-20
3567834870722260,2032-06-01,JCB 16 digit,2006-05-15
4579264674635250000,2032-09-01,VISA 19 digit,2006-11-03
5200745559492550,2032-07-01,Mastercard,1998-03-25
5333789000485500,2032-10-01,Mastercard,2009-10-28
6512498349114750,2032-03-01,Discover,2008-09-14
4626777080380670,2032-04-01,VISA 16 digit,2010-09-28
4573758166925940,2032-01-01,VISA 16 digit,2014-03-30
38328025353955,2032-04-01,Diners Club / Carte Blanche,2021-03-08
3571280492604130,2032-06-01,JCB 16 digit,1997-07-02
38502102129724,2032-07-01,Diners Club / Carte Blanche,1998-06-25
4037870127552120,2032-01-01,VISA 16 digit,2013-06-16
4523797289507540000,2032-05-01,VISA 19 digit,2016-10-30
4607441887194740000,2032-04-01,VISA 19 digit,2001-10-12
30490689155528,2032-01-01,Diners Club / Carte Blanche,2011-02-05
180077229429162,2032-03-01,JCB 15 digit,1993-01-31
4867011025563220,2032-06-01,VISA 16 digit,2015-02-23
4805753029682870000,2032-10-01,VISA 19 digit,2010-09-21
38044939286849,2032-01-01,Diners Club / Carte Blanche,2004-05-13
3598503264629250,2032-04-01,JCB 16 digit,1998-12-16
4765426584430530,2032-10-01,VISA 16 digit,2001-05-14
6579529563686460,2032-05-01,Discover,2022-08-13
4289370821310900,2032-01-01,VISA 16 digit,2020-10-31
213150946949308,2032-04-01,JCB 15 digit,2002-06-15
4385315103170780,2032-11-01,VISA 16 digit,2008-09-29
346613831991164,2032-06-01,American Express,2022-05-08
213124224347824,2032-07-01,JCB 15 digit,2001-09-11
3589459646637050,2032-05-01,JCB 16 digit,2000-06-17
4522939288200740,2032-09-01,VISA 16 digit,1999-12-26
3504187000468240,2032-03-01,JCB 16 digit,1993-10-16
3569255175192490,2032-10-01,JCB 16 digit,1997-11-07
4869690757840100,2032-09-01,VISA 16 digit,2006-01-21
4941070928982,2032-05-01,VISA 13 digit,2004-10-20
2227592172351890,2032-09-01,Mastercard,2003-04-01
36559105957073,2032-06-01,Diners Club / Carte Blanche,2000-10-14
4965239863244,2032-02-01,VISA 13 digit,2014-04-06
5368250691992130,2032-10-01,Mastercard,2019-09-20
3545893216253200,2032-11-01,JCB 16 digit,2006-08-24
30456982342162,2032-02-01,Diners Club / Carte Blanche,2003-01-16
6011961919610450,2032-09-01,Discover,2021-11-25
213117744567269,2032-08-01,JCB 15 digit,1996-02-04
375893920619843,2032-08-01,American Express,2000-09-17
4307643528877210,2032-10-01,VISA 16 digit,2004-08-13
586657338917,2032-07-01,Maestro,2011-06-01
6531856927684320,2032-05-01,Discover,2003-04-05
30363965304062,2032-02-01,Diners Club / Carte Blanche,2011-04-28
3595664471726160,2032-09-01,JCB 16 digit,2021-10-31
3565044276873340,2032-08-01,JCB 16 digit,2017-11-16
30093496793703,2032-07-01,Diners Club / Carte Blanche,2014-11-19
6522686203878130,2032-04-01,Discover,2002-03-07
4922036747637310,2032-06-01,VISA 16 digit,2000-12-15
3568051975097690,2032-04-01,JCB 16 digit,2020-01-27
30219125169557,2032-03-01,Diners Club / Carte Blanche,2011-12-05
4383838120646200000,2032-01-01,VISA 19 digit,2022-03-02
2272905968618260,2032-01-01,Mastercard,2006-10-08
676246901125,2032-07-01,Maestro,2002-08-06
4139068547792160,2032-10-01,VISA 16 digit,2018-03-29
6520494118613980,2032-07-01,Discover,2001-08-25
213165533552497,2032-07-01,JCB 15 digit,2017-09-13
6579768485705940,2032-11-01,Discover,2020-01-03
4498675311076190000,2032-01-01,VISA 19 digit,2000-07-20
4072819695254450000,2032-08-01,VISA 19 digit,2016-02-17
213178674897480,2032-10-01,JCB 15 digit,2010-05-29
3546892462046370,2032-10-01,JCB 16 digit,2010-12-28
4115881102765260,2032-08-01,VISA 16 digit,1999-02-20
4635058087714130,2032-03-01,VISA 16 digit,2007-10-06
503822781491,2032-02-01,Maestro,1996-03-12
3509225188592770,2032-07-01,JCB 16 digit,2004-12-21
676234425194,2032-10-01,Maestro,2019-11-10
30489061959226,2032-01-01,Diners Club / Carte Blanche,2009-08-02
2242252339838630,2032-08-01,Mastercard,2010-03-06
4633533866924930,2032-04-01,VISA 16 digit,2000-07-20
4084211376975150000,2032-05-01,VISA 19 digit,2010-10-10
4194841480480720,2032-06-01,VISA 16 digit,2021-08-03
4622713664399740000,2032-06-01,VISA 19 digit,2009-09-07
4188956696285030,2032-08-01,VISA 16 digit,2002-02-20
4763682017727,2032-07-01,VISA 13 digit,2008-06-16
2720054143163330,2032-10-01,Mastercard,2005-02-10
30077647559899,2032-07-01,Diners Club / Carte Blanche,2001-12-03
349156225175926,2032-11-01,American Express,2018-07-05
4939731352785100,2032-08-01,VISA 16 digit,2001-06-20
347714059516920,2032-04-01,American Express,2016-12-30
4068882130443560,2032-07-01,VISA 16 digit,1995-02-11
4678593343172050,2032-08-01,VISA 16 digit,2006-12-10
6011436433712740,2032-06-01,Discover,1997-01-13
4238965427357300,2032-09-01,VISA 16 digit,2000-05-26
4385353468268,2032-08-01,VISA 13 digit,2016-09-12
4234867477664,2032-05-01,VISA 13 digit,2014-07-04
6575222600143870,2032-04-01,Discover,2016-03-20
4175589521987530000,2032-02-01,VISA 19 digit,1997-03-17
630455638241,2032-10-01,Maestro,1996-08-17
4446011818265130,2032-03-01,VISA 16 digit,2001-11-04
30112729694973,2032-09-01,Diners Club / Carte Blanche,2010-01-31
2247187058571370,2032-02-01,Mastercard,2004-11-17
3576669431365920,2032-05-01,JCB 16 digit,2018-12-31
6544026381720600,2032-01-01,Discover,1999-11-21
3580358663607260,2032-05-01,JCB 16 digit,2010-02-21
4779566854198610000,2032-02-01,VISA 19 digit,2017-10-18
3572344947978450,2032-11-01,JCB 16 digit,2018-07-12
4651064665231,2032-03-01,VISA 13 digit,2001-11-05
4842105090635910,2032-10-01,VISA 16 digit,2022-10-12
30553740335213,2032-10-01,Diners Club / Carte Blanche,1997-01-18
4106772457230480,2032-11-01,VISA 16 digit,2012-05-17
3583149370331830,2032-06-01,JCB 16 digit,2015-08-27
3531710356288870,2032-10-01,JCB 16 digit,2013-08-28
501853877063,2032-04-01,Maestro,2002-09-03
4827783502918450,2032-03-01,VISA 16 digit,1993-11-28
4463832301242,2032-11-01,VISA 13 digit,2018-05-16
4984883858102860000,2032-01-01,VISA 19 digit,2008-06-11
2269339303779250,2032-05-01,Mastercard,2000-10-17
4917690537535360,2032-02-01,VISA 16 digit,2001-02-28
4404736119867910000,2032-02-01,VISA 19 digit,2020-11-16
3525250472224690,2032-03-01,JCB 16 digit,2020-11-29
6577916573628070,2032-06-01,Discover,1996-12-13
3565417923483980,2032-11-01,JCB 16 digit,1992-12-27
4629284835297,2032-06-01,VISA 13 digit,2014-04-21
6011586098863630,2032-07-01,Discover,2021-04-21
4764736421953590000,2032-02-01,VISA 19 digit,2019-05-17
213147973007315,2032-02-01,JCB 15 digit,2010-11-27
6011836768206400,2032-10-01,Discover,2015-03-14
4395448719709390,2032-05-01,VISA 16 digit,2022-10-09
4318115254594660,2032-07-01,VISA 16 digit,2008-11-29
6586830454221090,2032-06-01,Discover,1996-08-22
2450459910411570,2032-06-01,Mastercard,2021-11-12
30252880027124,2032-06-01,Diners Club / Carte Blanche,1998-12-02
4430249535209,2032-03-01,VISA 13 digit,2001-03-14
4438751836473530000,2032-06-01,VISA 19 digit,2018-01-20
4906399635493,2032-08-01,VISA 13 digit,2012-06-02
575932880462,2032-06-01,Maestro,2019-03-31
6504427642488660,2032-09-01,Discover,2000-04-15
4532606967295020,2032-11-01,VISA 16 digit,2003-04-10
4538530794094070000,2032-09-01,VISA 19 digit,2022-10-04
3545586969323020,2032-10-01,JCB 16 digit,2017-03-15
676198575166,2032-04-01,Maestro,2014-11-28
6011432003551530,2032-04-01,Discover,1993-11-29
213138591278073,2032-05-01,JCB 15 digit,2017-10-26
3530897906041880,2032-10-01,JCB 16 digit,2019-11-21
4757980213749,2032-11-01,VISA 13 digit,2021-03-08
4676278540459290,2032-10-01,VISA 16 digit,1995-11-15
2260412181609050,2032-03-01,Mastercard,2015-08-02
4497693944158810,2032-10-01,VISA 16 digit,1995-06-17
4958161889622750000,2032-01-01,VISA 19 digit,2013-09-17
30385572530839,2032-04-01,Diners Club / Carte Blanche,2008-02-11
6011623956448530,2032-08-01,Discover,2016-12-25
30488576951603,2032-02-01,Diners Club / Carte Blanche,2020-04-17
4862327902561830,2032-10-01,VISA 16 digit,1999-01-26
4967171813179500000,2032-08-01,VISA 19 digit,1996-05-12
4841497721527460000,2032-08-01,VISA 19 digit,2009-03-17
4230492504893140000,2032-08-01,VISA 19 digit,2006-10-21
213140562411642,2032-10-01,JCB 15 digit,1995-07-19
30164994068979,2032-05-01,Diners Club / Carte Blanche,2011-12-31
6011894819741660,2032-10-01,Discover,1993-06-23
373844093072783,2032-02-01,American Express,2014-04-01
213166515446021,2032-03-01,JCB 15 digit,2005-11-29
2235352200757370,2032-10-01,Mastercard,1995-05-03
3542480284872430,2032-07-01,JCB 16 digit,1995-06-14
379271408474047,2032-07-01,American Express,2021-05-16
30249991195014,2032-06-01,Diners Club / Carte Blanche,2007-09-19
4525642903728930,2032-05-01,VISA 16 digit,2022-05-02
180047232611015,2032-04-01,JCB 15 digit,1994-06-13
4770125636966880,2032-06-01,VISA 16 digit,2014-01-04
3550128006861100,2032-06-01,JCB 16 digit,2022-01-31
4584065191603360,2032-08-01,VISA 16 digit,2018-08-13
374462494882715,2032-03-01,American Express,2009-08-05
4410986954088780,2032-11-01,VISA 16 digit,2020-02-12
4643653009693780000,2032-05-01,VISA 19 digit,2001-04-02
213165012762716,2032-01-01,JCB 15 digit,2009-10-13
60473561672,2032-05-01,Maestro,2020-08-26
4990890646148180,2032-02-01,VISA 16 digit,2011-06-05
30292414773538,2032-07-01,Diners Club / Carte Blanche,2013-01-12
6011513830256800,2032-01-01,Discover,1993-10-15
3503945633208810,2032-01-01,JCB 16 digit,2006-01-14
2287445885902600,2032-07-01,Mastercard,1996-04-21
341306199125690,2032-05-01,American Express,2001-09-29
3562074049293080,2032-06-01,JCB 16 digit,1997-08-09
4953827285461400,2032-10-01,VISA 16 digit,2002-06-23
6585150686006610,2032-04-01,Discover,2014-11-10
180026835421584,2032-02-01,JCB 15 digit,1993-11-14
4017413241954430000,2032-04-01,VISA 19 digit,2018-03-16
3539462244597800,2032-05-01,JCB 16 digit,2014-07-29
213136286681486,2032-01-01,JCB 15 digit,2018-07-10
4491505469531620,2032-03-01,VISA 16 digit,2001-10-16
4349741657343440,2032-10-01,VISA 16 digit,1994-10-01
4931045361310,2032-06-01,VISA 13 digit,2001-04-07
3536229664165320,2032-05-01,JCB 16 digit,2012-11-20
6011860499426340,2032-09-01,Discover,2006-08-23
4510180535175,2032-07-01,VISA 13 digit,2012-07-09
4492324813696990,2032-03-01,VISA 16 digit,2008-09-23
4505355369228,2032-09-01,VISA 13 digit,2015-02-05
6515298479148530,2032-03-01,Discover,1995-10-22
3520400515730770,2032-08-01,JCB 16 digit,1994-09-19
30289763728238,2032-07-01,Diners Club / Carte Blanche,2005-12-25
180029501505748,2032-10-01,JCB 15 digit,2006-12-30
4574271868124890000,2032-10-01,VISA 19 digit,2001-01-18
30441263755431,2032-11-01,Diners Club / Carte Blanche,2013-07-22
675950515758,2032-09-01,Maestro,2013-06-18
4208800765145570,2032-06-01,VISA 16 digit,2021-07-16
6011598020612440,2032-09-01,Discover,2002-09-29
180068649956702,2032-09-01,JCB 15 digit,2014-08-05
3581635936375290,2032-06-01,JCB 16 digit,2016-06-01
4970437641952670000,2032-05-01,VISA 19 digit,2010-05-17
6578148736230560,2032-02-01,Discover,2012-06-15
4270755442097,2032-07-01,VISA 13 digit,2006-10-15
30512860182672,2032-09-01,Diners Club / Carte Blanche,1995-03-15
4392343305528270,2032-03-01,VISA 16 digit,1993-06-17
4494734665040200000,2032-07-01,VISA 19 digit,2001-02-21
4874698561246020,2032-05-01,VISA 16 digit,2018-01-22
4327417014001,2032-08-01,VISA 13 digit,2019-09-08
180027011493538,2032-04-01,JCB 15 digit,2007-12-03
4744832067135,2032-10-01,VISA 13 digit,2003-05-10
639068475008,2032-03-01,Maestro,1993-05-11
4279285798989360000,2032-03-01,VISA 19 digit,2007-08-30
180085845166613,2032-05-01,JCB 15 digit,1998-07-14
676129016025,2032-08-01,Maestro,2019-07-25
4450317209446080,2032-07-01,VISA 16 digit,2015-03-29
2289468087995200,2032-04-01,Mastercard,2005-10-21
3588260794546260,2032-10-01,JCB 16 digit,2009-02-03
3542958324038280,2032-02-01,JCB 16 digit,2007-08-17
4810670081381180000,2032-04-01,VISA 19 digit,2011-08-24
3519585542105440,2032-03-01,JCB 16 digit,1993-05-16
585730900412,2032-08-01,Maestro,2000-03-23
4774940706947200000,2032-08-01,VISA 19 digit,1999-06-29
560865011079,2032-02-01,Maestro,2006-09-04
3512241117649420,2032-01-01,JCB 16 digit,1993-10-25
372706917403307,2032-07-01,American Express,2014-09-27
3573074472875560,2032-04-01,JCB 16 digit,2017-02-15
4627151425333,2032-09-01,VISA 13 digit,2007-10-27
4620272790331650000,2032-06-01,VISA 19 digit,2020-10-18
3553093260383670,2032-06-01,JCB 16 digit,2008-10-07
4933319186676300,2032-09-01,VISA 16 digit,2001-11-18
3555198334890770,2032-11-01,JCB 16 digit,2007-03-24
30376684810839,2032-02-01,Diners Club / Carte Blanche,2022-04-24
180018849459635,2032-01-01,JCB 15 digit,2004-02-03
2227590681233130,2032-03-01,Mastercard,1994-02-10
4667263002374050,2032-07-01,VISA 16 digit,2004-09-27
377735606783088,2032-01-01,American Express,2015-10-16
6581771966643960,2032-05-01,Discover,2012-04-17
6011884752342560,2032-07-01,Discover,1996-05-12
676277005077,2032-07-01,Maestro,2006-02-18
4325385714505600,2032-04-01,VISA 16 digit,2016-08-23
4869384980904,2032-06-01,VISA 13 digit,1994-10-21
4747587987703250,2032-08-01,VISA 16 digit,2000-02-01
4547856658912530,2032-10-01,VISA 16 digit,2020-04-11
639047317693,2032-09-01,Maestro,2021-11-01
60432620601,2032-03-01,Maestro,2002-09-07
376832841837521,2032-11-01,American Express,2003-04-24
30393324787004,2032-07-01,Diners Club / Carte Blanche,1999-07-13
4314181106700,2032-06-01,VISA 13 digit,2016-03-08
4326474983029750,2032-07-01,VISA 16 digit,1996-03-13
30523258201594,2032-04-01,Diners Club / Carte Blanche,2012-07-20
343966622957718,2032-09-01,American Express,2019-01-31
4446987285828400,2032-06-01,VISA 16 digit,2004-07-31
4567448214639,2032-09-01,VISA 13 digit,2006-05-29
2235075468489900,2032-11-01,Mastercard,2013-04-04
3518067402995080,2032-09-01,JCB 16 digit,1994-03-29
6502446020357790,2032-11-01,Discover,2002-01-15
676243207393,2032-06-01,Maestro,2012-09-06
4143639598627150000,2032-08-01,VISA 19 digit,1997-04-13
4541898011670,2032-01-01,VISA 13 digit,2013-02-14
349966685973309,2032-01-01,American Express,2003-05-25
4154012882447500,2032-09-01,VISA 16 digit,2020-02-09
4423303226134330,2032-02-01,VISA 16 digit,2012-02-16
30081996918235,2032-01-01,Diners Club / Carte Blanche,2003-04-29
6592331339989020,2032-06-01,Discover,2018-10-14
213161912812123,2032-05-01,JCB 15 digit,2014-05-13
4165535791677650000,2032-04-01,VISA 19 digit,2020-03-07
676217256913,2032-09-01,Maestro,2007-06-04
4125186731774660,2032-10-01,VISA 16 digit,1995-07-27
4730379586365740,2032-09-01,VISA 16 digit,2018-04-02
4361768245773,2032-10-01,VISA 13 digit,1999-05-26
213130639415395,2032-08-01,JCB 15 digit,2010-09-03
3503659372615480,2032-11-01,JCB 16 digit,2012-06-06
4850120627363,2032-04-01,VISA 13 digit,1995-07-15
3501480703336750,2032-02-01,JCB 16 digit,2014-09-07
4053275544760,2032-09-01,VISA 13 digit,2015-12-02
6011592224560790,2032-09-01,Discover,2000-10-07
3517812481556250,2032-08-01,JCB 16 digit,1994-10-27
583302656421,2032-07-01,Maestro,2004-05-13
2705885018981050,2032-06-01,Mastercard,2017-03-28
6011091185494370,2032-09-01,Discover,2017-10-04
3534609153553220,2032-10-01,JCB 16 digit,2004-06-11
213191962125498,2032-06-01,JCB 15 digit,2007-05-24
4536949321656,2032-10-01,VISA 13 digit,1994-06-28
2720111679950210,2032-05-01,Mastercard,2005-10-27
180073938676789,2032-10-01,JCB 15 digit,2019-03-20
4566760632894380,2032-05-01,VISA 16 digit,2005-03-27
4503188601283890,2032-06-01,VISA 16 digit,2012-06-01
3502923918051140,2032-10-01,JCB 16 digit,2018-07-18
2707408266864240,2032-01-01,Mastercard,2007-06-21
4810185128237050000,2032-08-01,VISA 19 digit,2010-06-10
6011576830990370,2032-04-01,Discover,2010-09-27
4948726022229780000,2032-09-01,VISA 19 digit,2021-11-28
4849875173731580,2032-05-01,VISA 16 digit,2005-10-13
378802663296021,2032-02-01,American Express,2017-09-25
30376341786612,2032-04-01,Diners Club / Carte Blanche,2015-04-15
3546917916771040,2032-03-01,JCB 16 digit,2014-07-19
213175537258892,2032-11-01,JCB 15 digit,2001-04-08
4147557926551400,2032-11-01,VISA 16 digit,2011-11-16
3519439927406840,2032-02-01,JCB 16 digit,1995-07-13
180096280106717,2032-10-01,JCB 15 digit,1999-06-18
347731471991408,2032-02-01,American Express,2003-06-01
3530198573141520,2032-10-01,JCB 16 digit,2021-01-31
2550311540762000,2032-09-01,Mastercard,2008-05-17
676173121689,2032-07-01,Maestro,2017-01-17
676198745157,2032-05-01,Maestro,2005-05-16
3581253935284900,2032-05-01,JCB 16 digit,2021-08-26
340019070936983,2032-08-01,American Express,2015-12-28
4875710698458,2032-03-01,VISA 13 digit,1995-02-18
213108512665344,2032-08-01,JCB 15 digit,2013-12-16
4997036381073340000,2032-03-01,VISA 19 digit,2014-02-28
503810540842,2032-09-01,Maestro,2008-09-12
376138522643083,2032-09-01,American Express,1995-06-11
4272548566632280000,2032-08-01,VISA 19 digit,1995-11-23
30280173725567,2032-11-01,Diners Club / Carte Blanche,2000-05-14
4684736731938780000,2032-07-01,VISA 19 digit,2005-06-03
4493609462935620,2032-07-01,VISA 16 digit,2004-04-06
4852610972681070000,2032-02-01,VISA 19 digit,2018-05-17
30369599441568,2032-05-01,Diners Club / Carte Blanche,2019-07-27
30202040781334,2032-07-01,Diners Club / Carte Blanche,2009-04-29
4109999255970410,2032-05-01,VISA 16 digit,1994-05-27
4608621142696900000,2032-09-01,VISA 19 digit,1999-02-09
587231144359,2032-09-01,Maestro,2011-02-26
4643552417886,2032-10-01,VISA 13 digit,1994-11-13
3593977084403830,2032-07-01,JCB 16 digit,2002-05-15
38790548047192,2032-07-01,Diners Club / Carte Blanche,2003-01-16
345922082823658,2032-08-01,American Express,2000-04-22
3580433927867250,2032-03-01,JCB 16 digit,2007-05-24
3501315015444760,2032-05-01,JCB 16 digit,2004-12-21
4463307280871,2032-05-01,VISA 13 digit,2008-07-25
379728762018751,2032-04-01,American Express,1996-07-02
4036187960893,2032-11-01,VISA 13 digit,2010-05-02
4315117520059110000,2032-06-01,VISA 19 digit,1995-03-11
576197693970,2032-04-01,Maestro,1998-02-28
3507676833409110,2032-03-01,JCB 16 digit,2008-07-29
2629063704774420,2032-05-01,Mastercard,2009-11-10
4870665303256180,2032-08-01,VISA 16 digit,1997-04-18
4469169472171060,2032-03-01,VISA 16 digit,2019-12-30
4085529938166,2032-10-01,VISA 13 digit,2006-02-20
4542363629574240000,2032-01-01,VISA 19 digit,2003-05-23
676146568842,2032-11-01,Maestro,1998-03-04
6567000729402700,2032-03-01,Discover,2016-12-10
4588712240463610,2032-09-01,VISA 16 digit,2000-04-25
4733170169108,2032-06-01,VISA 13 digit,2001-02-28
4167105680067310,2032-11-01,VISA 16 digit,2012-05-26
4297163981234,2032-03-01,VISA 13 digit,2015-06-03
4537891965955990,2032-01-01,VISA 16 digit,2012-01-18
3563575226122080,2032-05-01,JCB 16 digit,2022-06-30
6011499526091180,2032-10-01,Discover,2008-12-02
4682216047555960,2032-07-01,VISA 16 digit,2003-07-14
4080835193463590,2032-04-01,VISA 16 digit,2011-10-04
4498174831941070,2032-05-01,VISA 16 digit,1999-11-06
4174121728694,2032-06-01,VISA 13 digit,2014-01-30
346779490593003,2032-04-01,American Express,1993-01-15
580576866769,2032-06-01,Maestro,1996-09-07
4416459602615430,2032-08-01,VISA 16 digit,2017-05-15
213158196683519,2032-07-01,JCB 15 digit,2013-07-09
4885852547421,2032-10-01,VISA 13 digit,2007-05-07
3540713661055930,2032-06-01,JCB 16 digit,2010-01-26
6011203257181410,2032-05-01,Discover,2009-09-22
3538310935822100,2032-07-01,JCB 16 digit,1999-06-12
348960341593594,2032-06-01,American Express,2010-04-10
3584164801326080,2032-01-01,JCB 16 digit,1993-01-15
2474353682214070,2032-02-01,Mastercard,2006-06-07
575895834043,2032-07-01,Maestro,2009-12-03
213135987308027,2032-08-01,JCB 15 digit,2000-02-06
4403604542832130000,2032-06-01,VISA 19 digit,2016-02-12
3588970476355430,2032-01-01,JCB 16 digit,2021-02-04
345529897998912,2032-06-01,American Express,2012-09-07
4894139372323450,2032-10-01,VISA 16 digit,1992-11-27
4504917587372080000,2032-09-01,VISA 19 digit,2001-08-25
3549653060123780,2032-08-01,JCB 16 digit,2017-07-17
6011090098572210,2032-09-01,Discover,2013-03-17
6522358679079300,2032-07-01,Discover,2020-01-16
4838383958993700000,2032-11-01,VISA 19 digit,2018-03-14
347441669662346,2032-10-01,American Express,1999-03-13
4109273511951,2032-06-01,VISA 13 digit,2000-06-28
6560183677160170,2032-01-01,Discover,2019-05-16
30391419911190,2032-05-01,Diners Club / Carte Blanche,2000-05-20
4862230786641,2032-03-01,VISA 13 digit,2009-09-02
6011312740280300,2032-10-01,Discover,1992-12-05
180007890458695,2032-09-01,JCB 15 digit,2020-03-01
6011275750622240,2032-06-01,Discover,2009-11-16
6011284144421890,2032-02-01,Discover,2006-02-09
4865630409276,2032-07-01,VISA 13 digit,2005-12-27
6011953889127170,2032-09-01,Discover,1997-10-08
6011219220687860,2032-01-01,Discover,2021-08-18
565803909797,2032-04-01,Maestro,2018-04-30
4890639756782490000,2032-01-01,VISA 19 digit,2022-05-18
3585430012531780,2032-01-01,JCB 16 digit,2013-08-24
30128219128108,2032-05-01,Diners Club / Carte Blanche,2002-12-08
2290163164236950,2032-09-01,Mastercard,1998-12-25
180062819455678,2032-10-01,JCB 15 digit,1998-07-05
30245662741144,2032-11-01,Diners Club / Carte Blanche,2020-06-02
576306185405,2032-04-01,Maestro,1996-02-29
2296547480443970,2032-05-01,Mastercard,2008-09-22
3592451073710620,2032-10-01,JCB 16 digit,2016-10-06
2601154054458780,2032-01-01,Mastercard,2015-03-12
30584067717717,2032-03-01,Diners Club / Carte Blanche,2015-04-15
4913109195168530,2032-10-01,VISA 16 digit,2017-01-04
4672788864627150,2032-03-01,VISA 16 digit,2008-04-14
4145172420735750000,2032-04-01,VISA 19 digit,2016-08-07
4967083459273120,2032-07-01,VISA 16 digit,2005-10-16
3584927419294560,2032-02-01,JCB 16 digit,2001-09-24
30574549200028,2032-06-01,Diners Club / Carte Blanche,1999-01-08
371924999870225,2032-03-01,American Express,1993-08-09
6011889495876390,2032-06-01,Discover,1995-11-10
2280218736587840,2032-07-01,Mastercard,2008-09-30
4242541875010840,2032-07-01,VISA 16 digit,2021-02-06
4721339503151670,2032-08-01,VISA 16 digit,2003-06-30
4467541689599,2032-06-01,VISA 13 digit,2016-08-31
376093973677348,2032-07-01,American Express,2006-12-07
3584981563237630,2032-09-01,JCB 16 digit,2007-04-08
3504856339273840,2032-07-01,JCB 16 digit,1995-05-06
4241608018038,2032-10-01,VISA 13 digit,1998-09-25
4869821942824540,2032-09-01,VISA 16 digit,2022-01-23
4655349034938220000,2032-01-01,VISA 19 digit,2013-12-20
5590195675337960,2032-06-01,Mastercard,2002-12-30
4291816174465980000,2032-01-01,VISA 19 digit,2012-05-23
4531790043790340000,2032-04-01,VISA 19 digit,1997-12-12
343317824967396,2032-03-01,American Express,2017-08-15
30084735487793,2032-07-01,Diners Club / Carte Blanche,2022-02-22
4734017172743,2032-01-01,VISA 13 digit,2017-12-08
4149734916002200,2032-10-01,VISA 16 digit,2019-08-16
2713518475702510,2032-06-01,Mastercard,2000-12-02
2719426615559360,2032-10-01,Mastercard,1997-11-25
4378638241270110000,2032-08-01,VISA 19 digit,2011-12-21
213171554289076,2032-01-01,JCB 15 digit,2013-05-31
3523412016201920,2032-08-01,JCB 16 digit,2014-11-15
340675446461350,2032-02-01,American Express,2020-05-27
4293005127723660,2032-02-01,VISA 16 digit,1996-03-09
30085010476492,2032-11-01,Diners Club / Carte Blanche,2019-07-01
5497716488441530,2032-11-01,Mastercard,2010-11-03
4426080672388900000,2032-06-01,VISA 19 digit,2016-12-05
4606657528295400000,2032-06-01,VISA 19 digit,2005-05-02
4621299708114860000,2032-04-01,VISA 19 digit,1995-06-18
374712216151496,2032-09-01,American Express,2019-11-29
3544005811433870,2032-10-01,JCB 16 digit,2002-08-26
3592150380384930,2032-10-01,JCB 16 digit,2022-04-10
3552695623309020,2032-10-01,JCB 16 digit,2007-11-06
60476415660,2032-02-01,Maestro,1993-11-18
3553787865967660,2032-09-01,JCB 16 digit,2009-08-29
3500726735760550,2032-06-01,JCB 16 digit,2004-09-25
4458494955913,2032-10-01,VISA 13 digit,2001-05-14
3512210695570170,2032-03-01,JCB 16 digit,2015-05-02
30575886104327,2032-02-01,Diners Club / Carte Blanche,2016-06-29
30195647494923,2032-03-01,Diners Club / Carte Blanche,2009-08-18
378578646919935,2032-05-01,American Express,1997-06-16
6542234427365340,2032-04-01,Discover,2007-01-28
3520724455225230,2032-03-01,JCB 16 digit,2016-05-31
4818967607742060,2032-10-01,VISA 16 digit,2009-09-20
5186963525014210,2032-08-01,Mastercard,2010-03-20
3561068246254780,2032-04-01,JCB 16 digit,2014-09-11
2285974339455010,2032-08-01,Mastercard,1997-06-24
3575631153883240,2032-01-01,JCB 16 digit,2019-07-26
60410948412,2032-09-01,Maestro,2003-12-10
3518819862777840,2032-06-01,JCB 16 digit,1999-03-06
502089300417,2032-01-01,Maestro,2012-04-17
4252782340921490,2032-04-01,VISA 16 digit,2015-06-27
38017021838370,2032-03-01,Diners Club / Carte Blanche,2018-09-03
38402951471865,2032-03-01,Diners Club / Carte Blanche,1999-04-17
30315666897000,2032-01-01,Diners Club / Carte Blanche,2002-02-02
676295084237,2032-02-01,Maestro,2008-08-12
4213419967279470000,2032-11-01,VISA 19 digit,2006-08-13
3594342201387520,2032-09-01,JCB 16 digit,2008-05-03
4765313786835190,2032-09-01,VISA 16 digit,2016-04-20
4588374811889380,2032-04-01,VISA 16 digit,1997-06-17
6522194822239590,2032-03-01,Discover,1999-03-01
213157233690107,2032-04-01,JCB 15 digit,2004-05-23
30420060587619,2032-01-01,Diners Club / Carte Blanche,2005-09-25
30277006179806,2032-08-01,Diners Club / Carte Blanche,2002-08-02
4076416066252,2032-07-01,VISA 13 digit,2014-10-02
213165548360449,2032-09-01,JCB 15 digit,2005-10-02
564605012645,2032-04-01,Maestro,2014-03-19
346560839489123,2032-10-01,American Express,1993-03-04
6011701265051360,2032-01-01,Discover,2007-02-17
4568222793536780,2032-02-01,VISA 16 digit,2019-05-07
3576813184898150,2032-03-01,JCB 16 digit,2007-10-27
6011324473082500,2032-06-01,Discover,1993-07-31
3532124694601750,2032-05-01,JCB 16 digit,1994-07-17
343778459883143,2032-08-01,American Express,2000-10-20
4390207397757440000,2032-11-01,VISA 19 digit,2011-04-04
213158527334352,2032-11-01,JCB 15 digit,2002-12-04
2295576573640250,2032-05-01,Mastercard,2006-10-30
3525230579352870,2032-01-01,JCB 16 digit,2022-09-28
5470464615225030,2032-02-01,Mastercard,2011-08-18
378304552448284,2032-05-01,American Express,2003-10-11
4177772664221020,2032-09-01,VISA 16 digit,2014-07-04
4814133861609810000,2032-08-01,VISA 19 digit,2005-12-05
213105286288824,2032-07-01,JCB 15 digit,2022-08-07
347459302653647,2032-04-01,American Express,2019-01-16
4725475379961430,2032-05-01,VISA 16 digit,1993-03-04
3580994474268300,2032-05-01,JCB 16 digit,1997-12-10
502065966660,2032-07-01,Maestro,2012-12-06
6011389995356440,2032-01-01,Discover,2004-08-23
4173686758851180000,2032-05-01,VISA 19 digit,1998-06-06
30045531854312,2032-04-01,Diners Club / Carte Blanche,2015-04-29
4451489580836610,2032-01-01,VISA 16 digit,2010-07-09
5318809754628950,2032-09-01,Mastercard,2006-01-20
4471079791826680,2032-08-01,VISA 16 digit,2016-05-06
5100999141268310,2032-01-01,Mastercard,2006-10-13
4292246611514030000,2032-10-01,VISA 19 digit,2019-12-09
502041753190,2032-01-01,Maestro,2011-08-15
6011205192349760,2032-07-01,Discover,2004-03-25
30063664813146,2032-02-01,Diners Club / Carte Blanche,1993-10-02
4063173018445,2032-05-01,VISA 13 digit,1999-08-18
4912582972012890,2032-06-01,VISA 16 digit,2012-04-27
3596374495945730,2032-02-01,JCB 16 digit,2015-02-27
180061617752583,2032-03-01,JCB 15 digit,1994-04-02
36216139563498,2032-04-01,Diners Club / Carte Blanche,2001-11-23
6512067348270310,2032-11-01,Discover,1996-06-24
579611254262,2032-06-01,Maestro,2022-08-31
4128064682060270,2032-04-01,VISA 16 digit,2019-01-03
4095987282270220,2032-07-01,VISA 16 digit,2004-08-13
6547440309565610,2032-01-01,Discover,1994-03-13
579122407847,2032-05-01,Maestro,2009-08-30
6576426607438820,2032-07-01,Discover,2005-05-20
3522396529143170,2032-07-01,JCB 16 digit,2007-12-10
213150496114402,2032-09-01,JCB 15 digit,2010-10-06
30209688741348,2032-04-01,Diners Club / Carte Blanche,1999-02-23
4682619251478900000,2032-07-01,VISA 19 digit,2000-12-17
4449728735165460,2032-03-01,VISA 16 digit,2016-05-26
4883357757830620,2032-01-01,VISA 16 digit,2009-09-01
5351184595470190,2032-09-01,Mastercard,2021-01-26
4159277795605,2032-04-01,VISA 13 digit,2014-10-30
630404843041,2032-02-01,Maestro,2005-10-31
4039354552421940,2032-08-01,VISA 16 digit,2019-07-23
6504798660256320,2032-01-01,Discover,2008-08-25
5325718178163760,2032-05-01,Mastercard,2005-11-17
6520896341853160,2032-01-01,Discover,2011-11-07
4507429122209490,2032-11-01,VISA 16 digit,2006-06-19
4410077019640750,2032-10-01,VISA 16 digit,1996-06-07
3593967500169390,2032-01-01,JCB 16 digit,1995-02-18
4998146319224,2032-09-01,VISA 13 digit,2011-04-10
4958389621322070,2032-09-01,VISA 16 digit,2016-01-21
4660283246168860,2032-03-01,VISA 16 digit,2001-09-16
4223281973564,2032-01-01,VISA 13 digit,2016-10-07
3501787083830480,2032-10-01,JCB 16 digit,2002-08-11
630475459107,2032-06-01,Maestro,2019-12-09
4712214410917490000,2032-09-01,VISA 19 digit,2008-06-16
4370946690604690,2032-06-01,VISA 16 digit,2017-07-20
4771201009098590000,2032-05-01,VISA 19 digit,2020-08-19
4763058935262,2032-08-01,VISA 13 digit,2006-06-05
4910693962108,2032-06-01,VISA 13 digit,2013-11-15
4909539748052290000,2032-06-01,VISA 19 digit,2016-09-12
639045877037,2032-04-01,Maestro,2022-09-20
6594359531743420,2032-10-01,Discover,2008-07-19
4943101034436610,2032-01-01,VISA 16 digit,2019-03-24
6011390052344950,2032-04-01,Discover,2006-03-19
372384462097260,2032-08-01,American Express,2016-09-04
3545715694383610,2032-09-01,JCB 16 digit,2008-08-10
4118367235365840000,2032-03-01,VISA 19 digit,2007-03-16
4962931302570900,2032-01-01,VISA 16 digit,2015-09-01
2271249965732710,2032-01-01,Mastercard,1998-10-08
3569449506112220,2032-04-01,JCB 16 digit,1994-05-10
4644664056760,2032-10-01,VISA 13 digit,2019-05-02
4390226552090770,2032-02-01,VISA 16 digit,2011-05-11
3549388087874490,2032-11-01,JCB 16 digit,1997-06-03
30030635439814,2032-11-01,Diners Club / Carte Blanche,2013-07-10
4845725201697660000,2032-05-01,VISA 19 digit,2016-03-13
30461251121511,2032-03-01,Diners Club / Carte Blanche,1999-10-15
213195869353046,2032-04-01,JCB 15 digit,2006-04-18
676323654555,2032-10-01,Maestro,2006-05-05
213124845098178,2032-07-01,JCB 15 digit,2007-05-31
180037240473987,2032-09-01,JCB 15 digit,2008-11-30
3536602193767760,2032-09-01,JCB 16 digit,2010-02-09
4391140423178500000,2032-10-01,VISA 19 digit,2015-02-08
3584976804062580,2032-02-01,JCB 16 digit,1993-09-28
2372764670138820,2032-04-01,Mastercard,2019-05-11
4846652643949100,2032-01-01,VISA 16 digit,2002-01-19
4697153159289,2032-07-01,VISA 13 digit,2013-12-07
4000406019667,2032-02-01,VISA 13 digit,2009-03-29
4675018072150830000,2032-06-01,VISA 19 digit,2002-10-22
4311878735189,2032-05-01,VISA 13 digit,1994-07-24
6574178412994580,2032-06-01,Discover,2001-06-08
4546089585398310,2032-11-01,VISA 16 digit,1994-03-02
4278905255772960,2032-07-01,VISA 16 digit,1994-08-27
342375064735437,2032-03-01,American Express,2021-12-07
6011512688136370,2032-02-01,Discover,2004-01-10
3532288196213640,2032-07-01,JCB 16 digit,2006-02-05
4422849905811290,2032-02-01,VISA 16 digit,1996-12-28
4055863070561,2032-09-01,VISA 13 digit,2010-09-01
30488539170325,2032-09-01,Diners Club / Carte Blanche,2011-08-01
6011322172669710,2032-02-01,Discover,2008-07-11
6508834617739190,2032-07-01,Discover,1997-07-08
30046124126217,2032-06-01,Diners Club / Carte Blanche,2006-09-01
2477936536260250,2032-03-01,Mastercard,2004-09-18
4689538832435500000,2032-06-01,VISA 19 digit,2021-05-23
373859643117128,2032-03-01,American Express,1998-11-01
578064122877,2032-02-01,Maestro,2009-08-03
4823894128131590,2032-06-01,VISA 16 digit,2006-08-30
213119480918375,2032-06-01,JCB 15 digit,2016-01-14
180096921786117,2032-07-01,JCB 15 digit,2009-07-06
60405984588,2032-01-01,Maestro,2015-03-11
180068074539510,2032-02-01,JCB 15 digit,1998-09-17
213169626602748,2032-02-01,JCB 15 digit,2010-01-17
4243327958716240,2032-03-01,VISA 16 digit,2005-02-27
373110543347914,2032-02-01,American Express,1997-06-08
3585728583054750,2032-05-01,JCB 16 digit,2011-05-04
4526883043440,2032-07-01,VISA 13 digit,2015-06-16
340887484742829,2032-07-01,American Express,2002-06-14
3542045162976040,2032-05-01,JCB 16 digit,2007-12-31
379809199598803,2032-08-01,American Express,2006-12-14
4854122765635,2032-07-01,VISA 13 digit,1995-02-11
2677824977242120,2032-06-01,Mastercard,1996-02-12
4300427434725,2032-03-01,VISA 13 digit,1999-06-07
30319569823311,2032-05-01,Diners Club / Carte Blanche,1998-05-18
3543084492879200,2032-03-01,JCB 16 digit,1998-05-14
4531428256935940,2032-08-01,VISA 16 digit,1998-02-27
4808941649642060000,2032-11-01,VISA 19 digit,2000-09-21
3596348467944690,2032-03-01,JCB 16 digit,2015-09-04
30330836578216,2032-09-01,Diners Club / Carte Blanche,1993-09-07
4155008631739,2032-09-01,VISA 13 digit,2018-11-03
4044450972678,2032-08-01,VISA 13 digit,2006-11-16
379593608525777,2032-02-01,American Express,1995-10-04
4492135546534,2032-03-01,VISA 13 digit,2022-11-01
6561504016383120,2032-07-01,Discover,2021-09-20
4110000957042290000,2032-04-01,VISA 19 digit,1993-07-20
4238977153131140000,2032-08-01,VISA 19 digit,2006-08-24
501891019900,2032-03-01,Maestro,2009-11-14
4262121967204,2032-04-01,VISA 13 digit,2017-03-09
639064083889,2032-04-01,Maestro,2013-10-03
4926196704113980,2032-07-01,VISA 16 digit,1993-08-15
30084232224400,2032-01-01,Diners Club / Carte Blanche,2019-03-07
4533012697554410,2032-08-01,VISA 16 digit,2000-01-18
